<?xml version="1.0" encoding="UTF-8" standalone="yes"?>
<addon id="repository.vanilla20" name="Titan Vanilla Repository" version="1.0.0" provider-name="malvinas2">
    <extension point="xbmc.addon.repository" name="Example Repository">
        <dir>
            <info compressed="false">https://raw.githubusercontent.com/malvinas2/repository.vanilla20/master/repo/zips/addons.xml</info>
            <checksum>https://raw.githubusercontent.com/malvinas2/repository.vanilla20/master/repo/zips/addons.xml.md5</checksum>
            <datadir zip="true">https://raw.githubusercontent.com/malvinas2/repository.vanilla20/master/repo/zips/</datadir>
        </dir>
    </extension>
    <extension point="xbmc.addon.metadata">
        <summary>Titan Vanilla Repository</summary>
        <description>Home of Titan Vanilla - Skin for Kodi 20</description>
        <disclaimer></disclaimer>
        <platform>all</platform>
        <assets>
            <icon>icon.png</icon>
            <fanart>fanart.jpg</fanart>
        </assets>
    </extension>
</addon>