<videoscreensaver>
	<collection>Miscellaneous</collection>
	<encoded>true</encoded>
	<builtin>true</builtin>
	<video>
		<name>Christmas 1 - [777MB] - 1080p</name>
		<filename>Christmas001-1080p.mp4</filename>
		<image>https://raw.githubusercontent.com/robwebset/repository.robwebset/master/screensaver.video/images/VideoScreensaver-Christmas001.JPG</image>
		<duration>3599</duration>
		<primary>aHR0cHM6Ly93d3cuZHJvcGJveC5jb20vcy82dzZxdDEzNGw1dzU3bmwvQ2hyaXN0bWFzMDAxLTEwODBwLm1wND9kbD0x</primary>
	</video>
	<video>
		<name>Johnny Castaway 1 - [75MB] - 480p</name>
		<filename>JohnnyCastaway001-480.mp4</filename>
		<image>https://raw.githubusercontent.com/robwebset/repository.robwebset/master/screensaver.video/images/VideoScreensaver-JohnnyCastaway001.JPG</image>
		<duration>2271</duration>
		<primary>aHR0cHM6Ly93d3cuZHJvcGJveC5jb20vcy8zZ2IxNDg2MmRhcmh3dncvSm9obm55Q2FzdGF3YXkwMDEtNDgwLm1wND9kbD0x</primary>
	</video>
	<video>
		<name>Matrix 1 - [909MB] - 720p</name>
		<filename>Matrix001-720p.mp4</filename>
		<image>https://raw.githubusercontent.com/robwebset/repository.robwebset/master/screensaver.video/images/VideoScreensaver-Matrix001.JPG</image>
		<duration>3482</duration>
		<primary>aHR0cHM6Ly93d3cuZHJvcGJveC5jb20vcy92b3VtMXp2N2JkMTZrNTIvTWF0cml4MDAxLTcyMHAubXA0P2RsPTE=</primary>
	</video>
	<video>
		<name>Ocean 1 - [1.1GB] - 720p</name>
		<filename>Ocean001-720p.mp4</filename>
		<image>https://raw.githubusercontent.com/robwebset/repository.robwebset/master/screensaver.video/images/VideoScreensaver-Ocean001.JPG</image>
		<duration>4874</duration>
		<primary>aHR0cHM6Ly93d3cuZHJvcGJveC5jb20vcy9iMmo4emMwYzA5Z29rYW0vT2NlYW4wMDEtNzIwcC5tcDQ/ZGw9MQ==</primary>
	</video>
	<video>
		<name>Retro Sci-Fi 1 - [200MB] - 1080p</name>
		<filename>RetroSciFi-001-1080p.mp4</filename>
		<image>https://raw.githubusercontent.com/robwebset/repository.robwebset/master/screensaver.video/images/VideoScreensaver-RetroSciFi001.JPG</image>
		<duration>503</duration>
		<primary>aHR0cHM6Ly93d3cuZHJvcGJveC5jb20vcy9hOTBkaHRqNzRtbGV3ZzYvUmV0cm9TY2lGaS0wMDEtMTA4MHAubXA0P2RsPTE=</primary>
	</video>
	<video>
		<name>Star Trek TNG 1 - [54MB] - 720p</name>
		<filename>StarTrekTNG-001-720p.mp4</filename>
		<image>https://raw.githubusercontent.com/robwebset/repository.robwebset/master/screensaver.video/images/VideoScreensaver-StarTrekTNG001.JPG</image>
		<duration>412</duration>
		<primary>aHR0cHM6Ly93d3cuZHJvcGJveC5jb20vcy9keHczajlzMmprNTF3bGIvU3RhclRyZWtUTkctMDAxLTcyMHAubXA0P2RsPTE=</primary>
	</video>
	<video>
		<name>Watermill 1 - [549MB] - 1080p</name>
		<filename>Watermill001-1080p.mp4</filename>
		<image>https://raw.githubusercontent.com/robwebset/repository.robwebset/master/screensaver.video/images/VideoScreensaver-Watermill001.JPG</image>
		<duration>1293</duration>
		<primary>aHR0cHM6Ly93d3cuZHJvcGJveC5jb20vcy93dmUxaWU4ZW81Y211MGkvV2F0ZXJtaWxsMDAxLTEwODBwLm1wND9kbD0x</primary>
	</video>
</videoscreensaver>
