<videoscreensaver>
	<collection>Aquarium</collection>
	<encoded>true</encoded>
	<builtin>true</builtin>
	<video>
		<name>Aquarium 1 - [846MB] - 400p</name>
		<filename>Aquarium001.mkv</filename>
		<image>https://raw.githubusercontent.com/robwebset/repository.robwebset/master/screensaver.video/images/Aquarium001.png</image>
		<duration>3602</duration>
		<primary>aHR0cHM6Ly93d3cuZHJvcGJveC5jb20vcy85ZGw3enY3cmNqZGllc2QvQXF1YXJpdW0wMDEubWt2P2RsPTE=</primary>
	</video>
	<video>
		<name>Aquarium 2 - [2.7GB] - 720p</name>
		<filename>Aquarium002-720p.mkv</filename>
		<image>https://raw.githubusercontent.com/robwebset/repository.robwebset/master/screensaver.video/images/Aquarium002-720p.png</image>
		<duration>3602</duration>
		<primary>aHR0cHM6Ly93d3cuZHJvcGJveC5jb20vcy9majBtN2dqaXhzcXR0a28vQXF1YXJpdW0wMDItNzIwcC5ta3Y/ZGw9MQ==</primary>
	</video>
	<video>
		<name>Aquarium 3 - [2.4GB] - 720p</name>
		<filename>Aquarium003-720p.mp4</filename>
		<image>https://raw.githubusercontent.com/robwebset/repository.robwebset/master/screensaver.video/images/VideoScreensaver-Aquarium003.PNG</image>
		<duration>7200</duration>
		<primary>aHR0cHM6Ly93d3cuZHJvcGJveC5jb20vcy9kbXY0azJhbHN1ZGljZGcvQXF1YXJpdW0wMDMtNzIwcC5tcDQ/ZGw9MQ==</primary>
	</video>
	<video>
		<name>Aquarium 4 - [780MB] - 720p</name>
		<filename>Aquarium004-720p.mp4</filename>
		<image>https://raw.githubusercontent.com/robwebset/repository.robwebset/master/screensaver.video/images/VideoScreensaver-Aquarium004.JPG</image>
		<duration>2048</duration>
		<primary>aHR0cHM6Ly93d3cuZHJvcGJveC5jb20vcy9reGpieGZ5MzRvZm5vczcvQXF1YXJpdW0wMDQtNzIwcC5tcDQ/ZGw9MQ==</primary>
	</video>
	<video>
		<name>Aquarium 5 - [3.0GB] - 720p</name>
		<filename>Aquarium005-720p.mkv</filename>
		<image>https://raw.githubusercontent.com/robwebset/repository.robwebset/master/screensaver.video/images/VideoScreensaver-Aquarium005.png</image>
		<duration>3491</duration>
		<primary>aHR0cHM6Ly93d3cuZHJvcGJveC5jb20vcy9tMjZ3Nm1wZjkyMGd1MmovQXF1YXJpdW0wMDUtNzIwcC5ta3Y/ZGw9MQ==</primary>
	</video>
</videoscreensaver>
